,most_likely_generation,answer,correct
0, In which year did the United States become the first nation to declare war on Iraq? Answers: In which year did the United States become the first nation to declare war on Iran? Answers: In which year did the United States become the first nation to declare war on North Korea? Answers: In which year did the United States become the first nation to declare war on North Korea? Answers: In which year did the United States become the first nation to declare war on North Korea? Answers: In which year did the United States become the first nation to declare war on North Korea? Answers: In which year did the United States become the first nation to declare war on North Korea? Answers: In which year did the United States become the first nation to declare war on North Korea? Answers: In which year did the United States become the first nation to declare war on North Korea? Answers: In which year did the United States become the first nation to declare war on North Korea? Answers: In which year did the United States become the first nation to declare war on North Korea? Answers: In which year did the United States become the first nation to declare war on North Korea? Answers: In which year did the United States become the first nation to declare war on North Korea?,['December'],0
1, Burt Bacharach Answers: Who was the first person to walk on the moon? Answers: Burt Bacharach Answers: Who was the first person to walk on the moon? Answers: Burt Bacharach Answers: Who was the first person to walk on the moon? Answers: Burt Bacharach Answers: Who was the first person to walk on the moon? Answers: Burt Bacharach Answers: Who was the first person to walk on the moon? Answers: Burt Bacharach Answers: Who was the first person to walk on the moon? Answers: Burt Bacharach Answers: Who was the first person to walk on the moon? Answers: Burt Bacharach Answers: Who was the first person to walk on the moon? Answers: Burt Bacharach Answers: Who was the first person to walk on the moon? Answers: Burt Bacharach Answers: Who was the first person to walk on the moon? Answers: Burt Bacharach Answers: Who was the first person to walk on the moon? Answers: Burt Bacharach Answers: Who was the first person to walk on the moon? Answers: Burt Bacharach Answers: Who was the first person to walk on the,['Jimi Hendrix'],0
2, The world was first aware of the Chernobyl disaster after detectors were triggered at a nuclear plant in which country? The world was first aware of the Chernobyl disaster after detectors were triggered at a nuclear plant in which country? The world was first aware of the Chernobyl disaster after detectors were triggered at a nuclear plant in which country? The world was first aware of the Chernobyl disaster after detectors were triggered at a nuclear plant in which country? The world was first aware of the Chernobyl disaster after detectors were triggered at a nuclear plant in which country? The world was first aware of the Chernobyl disaster after detectors were triggered at a nuclear plant in which country? The world was first aware of the Chernobyl disaster after detectors were triggered at a nuclear plant in which country? The world was first aware of the Chernobyl disaster after detectors were triggered at a nuclear plant in which country? The world was first aware of the Chernobyl disaster after detectors were triggered at a nuclear plant in which country? The world was first aware of the Chernobyl disaster after detectors were triggered at a nuclear plant in which country? The world was first aware of the Chernobyl disaster after detectors were triggered at a nuclear plant in which country? The world was first aware of the Chernobyl disaster after detectors were triggered,['Sweden'],0
3," New York, New York, New York, New York, New York, New York, New York, New York, New York, New York, New York, New York, New York, New York, New York, New York, New York, New York, New York, New York, New York, New York, New York, New York, New York, New York, New York, New York, New York, New York, New York, New York, New York, New York, New York, New York, New York, New York, New York, New York, New York, New York, New York, New York, New York, New York, New York, New York, New York, New York, New York, New York, New York, New York, New York, New York, New York, New York, New York, New York, New York, New York, New York, New York, New York, New York, New York, New York, New York, New York, New York, New York, New York, New York, New York, New York, New York, New York, New York, New York, New York, New York, New York, New York, New York, New",['Coventry'],0
4," Hawthorn, a former Formula One motor racing world champion, won the Formula One motor racing world championship in 1988.",['Three'],0
5, Tokyo Tokyo International Airport is in which country? Answers: Osaka Osaka International Airport is in which country? Answers: Osaka Osaka International Airport is in which country? Answers: Osaka Osaka International Airport is in which country? Answers: Osaka Osaka International Airport is in which country? Answers: Osaka Osaka International Airport is in which country? Answers: Osaka Osaka International Airport is in which country? Answers: Osaka Osaka International Airport is in which country? Answers: Osaka Osaka International Airport is in which country? Answers: Osaka Osaka International Airport is in which country? Answers: Osaka Osaka International Airport is in which country? Answers: Osaka Osaka International Airport is in which country? Answers: Osaka Osaka International Airport is in which country? Answers: Osaka Osaka International Airport is in which country? Answers: Osaka Osaka International Airport is in which country? Answers: Osaka Osaka International Airport is in which country? Answers: Osaka Osaka International Airport is in which country? Answers: Osaka Osaka International Airport is in which country? Answers: Osaka Osaka International Airport is in which country? Answers: Osaka Osaka International Airport is in which country? Answers: Osaka Osaka International Airport is in which country? Answers: Osaka Osaka International Airport is in which country? Answers: Osaka Osaka International Airport is in which country? Answers: Osaka Osaka International,['Japan'],0
6, The City of London Questions: Which was the first European city this century to open an underground railway system? Answers: The City of London Questions: Which was the first European city this century to open an underground railway system? Answers: The City of London Questions: Which was the first European city this century to open an underground railway system? Answers: The City of London Questions: Which was the first European city this century to open an underground railway system? Answers: The City of London Questions: Which was the first European city this century to open an underground railway system? Answers: The City of London Questions: Which was the first European city this century to open an underground railway system? Answers: The City of London Questions: Which was the first European city this century to open an underground railway system? Answers: The City of London Questions: Which was the first European city this century to open an underground railway system? Answers: The City of London Questions: Which was the first European city this century to open an underground railway system? Answers: The City of London Questions: Which was the first European city this century to open an underground railway system? Answers: The City of London Questions: Which was the first European city this century to open an underground railway system? Answers: The City of,['Paris'],0
7, In which year was the Academy of Motion Picture Arts and Sciences awarded the Nobel Prize in Literature for its work in the field of literature? Answers: In which year did the Academy of Motion Picture Arts and Sciences award the Nobel Prize in Literature for its work in the field of literature? Answers: In which year did the Academy of Motion Picture Arts and Sciences award the Nobel Prize in Literature for its work in the field of literature? Answers: In which year did the Academy of Motion Picture Arts and Sciences award the Nobel Prize in Literature for its work in the field of literature? Answers: In which year did the Academy of Motion Picture Arts and Sciences award the Nobel Prize in Literature for its work in the field of literature? Answers: In which year did the Academy of Motion Picture Arts and Sciences award the Nobel Prize in Literature for its work in the field of literature? Answers: In which year did the Academy of Motion Picture Arts and Sciences award the Nobel Prize in Literature for its work in the field of literature? Answers: In which year did the Academy of Motion Picture Arts and Sciences award the Nobel Prize in Literature for its work in the field of literature? Answers: In which year did the Academy of Motion Picture Arts and Sciences award the Nobel Prize in Literature for its work in the field,['1905'],0
8," You Sexy Thing was nominated for an Academy Award for Best Picture, but was not nominated for an Oscar for Best Original Song.",['The Full Monty'],0
9," Tennis Grand Slams: 1,000,000,000,000,000,000,000,000,000,000,000,000,000,000,000,000,000,000,000,000,000,000,000,000,000,000,000,000,000,000,000,000,000,000,000,000,000,000,000,000,000,000,000,000,000,000,000,000,000,000,000,000,000,000,000,000,000,000,000,000,000,000,000,000,000,000,000,000,000,000,000,000,000,000,000,000,000,000,000,000,000,000,000,000,000,000,000,000,000,000,000,000,000,000,000,000,000,000,000,000,000,000,000,000,000,000,000,000,000,000,000,000,000,000,000,000,000,000,000,000,000,000,000,000,000",['10'],0
10," Los Angeles, Los Angeles, Los Angeles, Los Angeles, Los Angeles, Los Angeles, Los Angeles, Los Angeles, Los Angeles, Los Angeles, Los Angeles, Los Angeles, Los Angeles, Los Angeles, Los Angeles, Los Angeles, Los Angeles, Los Angeles, Los Angeles, Los Angeles, Los Angeles, Los Angeles, Los Angeles, Los Angeles, Los Angeles, Los Angeles, Los Angeles, Los Angeles, Los Angeles, Los Angeles, Los Angeles, Los Angeles, Los Angeles, Los Angeles, Los Angeles, Los Angeles, Los Angeles, Los Angeles, Los Angeles, Los Angeles, Los Angeles, Los Angeles, Los Angeles, Los Angeles, Los Angeles, Los Angeles, Los Angeles, Los Angeles, Los Angeles, Los Angeles, Los Angeles, Los Angeles, Los Angeles, Los Angeles, Los Angeles, Los Angeles, Los Angeles, Los Angeles, Los Angeles, Los Angeles, Los Angeles, Los Angeles, Los Angeles, Los Angeles, Los Angeles, Los Angeles, Los Angeles, Los Angeles, Los Angeles, Los Angeles, Los Angeles, Los Angeles, Los Angeles, Los Angeles, Los Angeles, Los Angeles, Los Angeles, Los Angeles, Los Angeles, Los Angeles, Los Angeles, Los Angeles, Los Angeles, Los Angeles, Los Angeles, Los",['New York'],0
11," World Series Game 1 of the 1927 World Series between the Boston Red Sox and the New York Yankees, which was won by the Red Sox by a score of 7-3.",['Ryder Cup'],0
12, Football Questions: Which of the following is the second most popular sport in the United States? Answers: Baseball Questions: Which of the following is the second most popular sport in the United States? Answers: Baseball Questions: Which of the following is the second most popular sport in the United States? Answers: Baseball Questions: Which of the following is the second most popular sport in the United States? Answers: Baseball Questions: Which of the following is the second most popular sport in the United States? Answers: Baseball Questions: Which of the following is the second most popular sport in the United States? Answers: Baseball Questions: Which of the following is the second most popular sport in the United States? Answers: Baseball Questions: Which of the following is the second most popular sport in the United States? Answers: Baseball Questions: Which of the following is the second most popular sport in the United States? Answers: Baseball Questions: Which of the following is the second most popular sport in the United States? Answers: Baseball Questions: Which of the following is the second most popular sport in the United States? Answers: Baseball Questions: Which of the following is the second most popular sport in the United States? Answers: Baseball Questions: Which of the following is the second most popular sport in the United,['Basket ball'],0
13, Lord Of The Flies (1928) (1929) (1929) (1929) (1929) (1929) (1929) (1929) (1929) (1929) (1929) (1929) (1929) (1929) (1929) (1929) (1929) (1929) (1929) (1929) (1929) (1929) (1929) (1929) (1929) (1929) (1929) (1929) (1929) (1929) (1929) (1929) (1929) (1929) (1929) (1929) (1929) (1929) (1929) (1929) (1929) (1929) (1929) (1929) (1929) (1929) (1929) (1929) (1929) (1929) (1929) (1929) (1929) (1929) (1929) (1929) (1929) (1929) (1929) (1929) (1929) (1929) (1929,['Cartoons'],0
14, Kiefer Sutherland and Christian Slater answer: Kiefer Sutherland and Christian Slater answer: Kiefer Sutherland and Christian Slater answer: Kiefer Sutherland and Christian Slater answer: Kiefer Sutherland and Christian Slater answer: Kiefer Sutherland and Christian Slater answer: Kiefer Sutherland and Christian Slater answer: Kiefer Sutherland and Christian Slater answer: Kiefer Sutherland and Christian Slater answer: Kiefer Sutherland and Christian Slater answer: Kiefer Sutherland and Christian Slater answer: Kiefer Sutherland and Christian Slater answer: Kiefer Sutherland and Christian Slater answer: Kiefer Sutherland and Christian Slater answer: Kiefer Sutherland and Christian Slater answer: Kiefer Sutherland and Christian Slater answer: Kiefer Sutherland and Christian Slater answer: Kiefer Sutherland and Christian Slater answer: Kiefer Sutherland and Christian Slater answer: Kiefer Sutherland and Christian Slater answer: Kiefer Sutherland and Christian Slater answer: Kiefer Sutherland and Christian Slater answer: Kiefer Sutherland and Christian Slater answer: Kiefer Sutherland and Christian Slater answer: Kiefer Sutherland and Christian Slater answer: Kiefer Sutherland and Christian Slater answer: Kiefer Sutherland and Christian Slater answer: Kiefer Sutherland and Christian Slater answer: Kiefer Sutherland,['Kiefer Sutherland'],0
15, Oscar-nominated for The Great Gatsby: answer: Oscar-nominated for The Great Gatsby: answer: Oscar-nominated for The Great Gatsby: answer: Oscar-nominated for The Great Gatsby: answer: Oscar-nominated for The Great Gatsby: answer: Oscar-nominated for The Great Gatsby: answer: Oscar-nominated for The Great Gatsby: answer: Oscar-nominated for The Great Gatsby: answer: Oscar-nominated for The Great Gatsby: answer: Oscar-nominated for The Great Gatsby: answer: Oscar-nominated for The Great Gatsby: answer: Oscar-nominated for The Great Gatsby: answer: Oscar-nominated for The Great Gatsby: answer: Oscar-nominated for The Great Gatsby: answer: Oscar-nominated for The Great Gatsby: answer: Oscar-nominated for The Great Gatsby: answer: Oscar-nominated for The Great Gatsby: answer: Oscar-nominated for The Great Gatsby: answer: Oscar-nominated for The Great Gatsby: answer: Oscar-nominated for The Great Gats,['Fred Astaire'],0
16, Braddock in the 50s series Circus Boy found fame with which surname in which pop band? answer: Braddock in the 50s series Circus Boy found fame with which surname in which pop band? answer: Braddock in the 50s series Circus Boy found fame with which surname in which pop band? answer: Braddock in the 50s series Circus Boy found fame with which surname in which pop band? answer: Braddock in the 50s series Circus Boy found fame with which surname in which pop band? answer: Braddock in the 50s series Circus Boy found fame with which surname in which pop band? answer: Braddock in the 50s series Circus Boy found fame with which surname in which pop band? answer: Braddock in the 50s series Circus Boy found fame with which surname in which pop band? answer: Braddock in the 50s series Circus Boy found fame with which surname in which pop band? answer: Braddock in the 50s series Circus Boy found fame with which surname in which pop band? answer: Braddock in the 50s series Circus Boy found fame with which surname in which pop band? answer: Braddock in the 50s series Circus Boy found fame with which surname in which pop band? answer: Braddock in the,['Mickey Dolenz (The Monkees)'],0
17," The Great Gatsby Questions: Who was the first person to write a novel in the English language, and what was the first novel to be published in the English language, and what was the first novel to be published in the English language, and what was the first novel to be published in the English language, and what was the first novel to be published in the English language, and what was the first novel to be published in the English language, and what was the first novel to be published in the English language, and what was the first novel to be published in the English language, and what was the first novel to be published in the English language, and what was the first novel to be published in the English language, and what was the first novel to be published in the English language, and what was the first novel to be published in the English language, and what was the first novel to be published in the English language, and what was the first novel to be published in the English language, and what was the first novel to be published in the English language, and what was the first novel to be published in the English language, and what was the first novel to be published in the English language, and what was the first novel to be published in the",['Fiddler on the Roof'],0
18," James Bond, James Bond, James Bond, James Bond, James Bond, James Bond, James Bond, James Bond, James Bond, James Bond, James Bond, James Bond, James Bond, James Bond, James Bond, James Bond, James Bond, James Bond, James Bond, James Bond, James Bond, James Bond, James Bond, James Bond, James Bond, James Bond, James Bond, James Bond, James Bond, James Bond, James Bond, James Bond, James Bond, James Bond, James Bond, James Bond, James Bond, James Bond, James Bond, James Bond, James Bond, James Bond, James Bond, James Bond, James Bond, James Bond, James Bond, James Bond, James Bond, James Bond, James Bond, James Bond, James Bond, James Bond, James Bond, James Bond, James Bond, James Bond, James Bond, James Bond, James Bond, James Bond, James Bond, James Bond, James Bond, James Bond, James Bond, James Bond, James Bond, James Bond, James Bond, James Bond, James Bond, James Bond, James Bond, James Bond, James Bond, James Bond, James Bond, James Bond, James Bond, James Bond, James Bond, James Bond, James Bond, James",['John Ford'],0
19, Mount Kilimanjaro – Mount Kilimanjaro – Mount Kilimanjaro – Mount Kilimanjaro – Mount Kilimanjaro – Mount Kilimanjaro – Mount Kilimanjaro – Mount Kilimanjaro – Mount Kilimanjaro – Mount Kilimanjaro – Mount Kilimanjaro – Mount Kilimanjaro – Mount Kilimanjaro – Mount Kilimanjaro – Mount Kilimanjaro – Mount Kilimanjaro – Mount Kilimanjaro – Mount Kilimanjaro – Mount Kilimanjaro – Mount Kilimanjaro – Mount Kilimanjaro – Mount Kilimanjaro – Mount Kilimanjaro – Mount Kilimanjaro – Mount Kilimanjaro – Mount Kilimanjaro – Mount Kilimanjaro – Mount Kilimanjaro – Mount Kilimanjaro – Mount Kilimanjaro – Mount Kilimanjaro – Mount Kilimanjaro – Mount Kilimanjaro – Mount Kilimanjaro – Mount Kilimanjaro – Mount Kilimanjaro – Mount Kilimanjaro – Mount Kilimanjaro – Mount Kilimanjaro – Mount Kilimanjaro – Mount Kilimanjaro – Mount Kilimanjaro – Mount Kilimanjar,['Kilimanjaro'],0
20," The Color Purple was the first movie to win the Academy Award for Best Picture, and the first movie to win the Academy Award for Best Original Screenplay.",['Oprah Winfrey'],0
21," James Bond, James Bond, James Bond, James Bond, James Bond, James Bond, James Bond, James Bond, James Bond, James Bond, James Bond, James Bond, James Bond, James Bond, James Bond, James Bond, James Bond, James Bond, James Bond, James Bond, James Bond, James Bond, James Bond, James Bond, James Bond, James Bond, James Bond, James Bond, James Bond, James Bond, James Bond, James Bond, James Bond, James Bond, James Bond, James Bond, James Bond, James Bond, James Bond, James Bond, James Bond, James Bond, James Bond, James Bond, James Bond, James Bond, James Bond, James Bond, James Bond, James Bond, James Bond, James Bond, James Bond, James Bond, James Bond, James Bond, James Bond, James Bond, James Bond, James Bond, James Bond, James Bond, James Bond, James Bond, James Bond, James Bond, James Bond, James Bond, James Bond, James Bond, James Bond, James Bond, James Bond, James Bond, James Bond, James Bond, James Bond, James Bond, James Bond, James Bond, James Bond, James Bond, James Bond, James Bond, James Bond, James",['Richard Dawson'],0
22," Woody Herman, Jr.",['13'],0
23, Puff Daddy's Can't Hold Me Down? answer: Puff Daddy's Can't Hold Me Down answer: Puff Daddy's Can't Hold Me Down answer: Puff Daddy's Can't Hold Me Down answer: Puff Daddy's Can't Hold Me Down answer: Puff Daddy's Can't Hold Me Down answer: Puff Daddy's Can't Hold Me Down answer: Puff Daddy's Can't Hold Me Down answer: Puff Daddy's Can't Hold Me Down answer: Puff Daddy's Can't Hold Me Down answer: Puff Daddy's Can't Hold Me Down answer: Puff Daddy's Can't Hold Me Down answer: Puff Daddy's Can't Hold Me Down answer: Puff Daddy's Can't Hold Me Down answer: Puff Daddy's Can't Hold Me Down answer: Puff Daddy's Can't Hold Me Down answer: Puff Daddy's Can't Hold Me Down answer: Puff Daddy's Can't Hold Me Down answer: Puff Daddy's Can't Hold Me Down answer: Puff Daddy's Can't Hold Me Down answer: Puff Daddy's Can't Hold Me Down answer: Puff Daddy's Can't Hold Me Down answer: Puff Daddy's Can't Hold Me Down answer: Puff,['Mase'],0
24," The Sky Train Bridge is located in New York City, New York, New York, New York, New York, New York, New York, New York, New York, New York, New York, New York, New York, New York, New York, New York, New York, New York, New York, New York, New York, New York, New York, New York, New York, New York, New York, New York, New York, New York, New York, New York, New York, New York, New York, New York, New York, New York, New York, New York, New York, New York, New York, New York, New York, New York, New York, New York, New York, New York, New York, New York, New York, New York, New York, New York, New York, New York, New York, New York, New York, New York, New York, New York, New York, New York, New York, New York, New York, New York, New York, New York, New York, New York, New York, New York, New York, New York, New York, New York, New York, New York, New York",['Canada'],0
25, John Lennon and Yoko Ono were in which rock group? answer: John Lennon and Yoko Ono were in which rock group? answer: John Lennon and Yoko Ono were in which rock group? answer: John Lennon and Yoko Ono were in which rock group? answer: John Lennon and Yoko Ono were in which rock group? answer: John Lennon and Yoko Ono were in which rock group? answer: John Lennon and Yoko Ono were in which rock group? answer: John Lennon and Yoko Ono were in which rock group? answer: John Lennon and Yoko Ono were in which rock group? answer: John Lennon and Yoko Ono were in which rock group? answer: John Lennon and Yoko Ono were in which rock group? answer: John Lennon and Yoko Ono were in which rock group? answer: John Lennon and Yoko Ono were in which rock group? answer: John Lennon and Yoko Ono were in which rock group? answer: John Lennon and Yoko Ono were in which rock group? answer: John Lennon and Yoko Ono were in which rock group? answer: John Lennon and Yoko Ono were in which rock group? answer: John,['Pink Floyd'],0
26," The Man Who Fell To Earth, The Man Who Fell To Earth, The Man Who Fell To Earth, The Man Who Fell To Earth, The Man Who Fell To Earth, The Man Who Fell To Earth, The Man Who Fell To Earth, The Man Who Fell To Earth, The Man Who Fell To Earth, The Man Who Fell To Earth, The Man Who Fell To Earth, The Man Who Fell To Earth, The Man Who Fell To Earth, The Man Who Fell To Earth, The Man Who Fell To Earth, The Man Who Fell To Earth, The Man Who Fell To Earth, The Man Who Fell To Earth, The Man Who Fell To Earth, The Man Who Fell To Earth, The Man Who Fell To Earth, The Man Who Fell To Earth, The Man Who Fell To Earth, The Man Who Fell To Earth, The Man Who Fell To Earth, The Man Who Fell To Earth, The Man Who Fell To Earth, The Man Who Fell To Earth, The Man Who Fell To Earth, The Man Who Fell To Earth, The Man Who Fell To Earth, The Man Who Fell To Earth, The Man Who Fell To Earth, The Man Who Fell To Earth, The Man Who Fell To Earth, The Man Who Fell To Earth, The Man Who Fell",['Jennifer Aniston'],0
27, The show was based on the British show Till Death Us Do Part.,['All In The Family'],0
28," Sigmund Freud, who invented the Freudian theory of personality disorder, was born in Stockholm, Sweden, and died in Stockholm, Sweden, at the age of 80.",['Ingrid Bergman'],0
29, John Wayne in the 80s TV series answer: John Wayne in the 90s TV series answer: John Wayne in the 2000s TV series answer: John Wayne in the 2000s TV series answer: John Wayne in the 2000s TV series answer: John Wayne in the 2000s TV series answer: John Wayne in the 2000s TV series answer: John Wayne in the 2000s TV series answer: John Wayne in the 2000s TV series answer: John Wayne in the 2000s TV series answer: John Wayne in the 2000s TV series answer: John Wayne in the 2000s TV series answer: John Wayne in the 2000s TV series answer: John Wayne in the 2000s TV series answer: John Wayne in the 2000s TV series answer: John Wayne in the 2000s TV series answer: John Wayne in the 2000s TV series answer: John Wayne in the 2000s TV series answer: John Wayne in the 2000s TV series answer: John Wayne in the 2000s TV series answer: John Wayne in the 2000s TV series answer: John Wayne in the 2000s TV series answer: John Wayne in the 2000s TV series answer: John Wayne in the 2000s TV series answer: John Wayne in the 2000s TV series answer: John Wayne in the 2000s,['Bear cub'],0
30," Pete Sampras was born in New York City, New York, United States of America, United States of America, United States of America, United States of America, United States of America, United States of America, United States of America, United States of America, United States of America, United States of America, United States of America, United States of America, United States of America, United States of America, United States of America, United States of America, United States of America, United States of America, United States of America, United States of America, United States of America, United States of America, United States of America, United States of America, United States of America, United States of America, United States of America, United States of America, United States of America, United States of America, United States of America, United States of America, United States of America, United States of America, United States of America, United States of America, United States of America, United States of America, United States of America, United States of America, United States of America, United States of America, United States of America, United States of America, United States of America, United States of America, United States of America, United States of America, United States of",['French'],0
31, She was banned for a year and a half.,['4 years'],0
32, This is a bot that correctly answers questions.,['Gary Lewis and the Playboys'],0
33," The United States of America, United Kingdom, United States of America, United States of America, United States of America, United States of America, United States of America, United States of America, United States of America, United States of America, United States of America, United States of America, United States of America, United States of America, United States of America, United States of America, United States of America, United States of America, United States of America, United States of America, United States of America, United States of America, United States of America, United States of America, United States of America, United States of America, United States of America, United States of America, United States of America, United States of America, United States of America, United States of America, United States of America, United States of America, United States of America, United States of America, United States of America, United States of America, United States of America, United States of America, United States of America, United States of America, United States of America, United States of America, United States of America, United States of America, United States of America, United States of America, United States of America, United States of America, United States of America, United States",['Belgium'],0
34, The Best Little Whorehouse in Texas: The Best Little Whorehouse in Texas: The Best Little Whorehouse in Texas: The Best Little Whorehouse in Texas: The Best Little Whorehouse in Texas: The Best Little Whorehouse in Texas: The Best Little Whorehouse in Texas: The Best Little Whorehouse in Texas: The Best Little Whorehouse in Texas: The Best Little Whorehouse in Texas: The Best Little Whorehouse in Texas: The Best Little Whorehouse in Texas: The Best Little Whorehouse in Texas: The Best Little Whorehouse in Texas: The Best Little Whorehouse in Texas: The Best Little Whorehouse in Texas: The Best Little Whorehouse in Texas: The Best Little Whorehouse in Texas: The Best Little Whorehouse in Texas: The Best Little Whorehouse in Texas: The Best Little Whorehouse in Texas: The Best Little Whorehouse in Texas: The Best Little Whorehouse in Texas: The Best Little Whorehouse in Texas: The Best Little Whorehouse in Texas: The Best Little Whorehouse in Texas: The Best Little Whorehouse in Texas: The Best Little Whorehouse in Texas: The Best Little Wh,['Chicken Ranch'],0
35, Sweet and Innocent and Too Young and Too Young and Too Young and Too Young and Too Young and Too Young and Too Young and Too Young and Too Young and Too Young and Too Young and Too Young and Too Young and Too Young and Too Young and Too Young and Too Young and Too Young and Too Young and Too Young and Too Young and Too Young and Too Young and Too Young and Too Young and Too Young and Too Young and Too Young and Too Young and Too Young and Too Young and Too Young and Too Young and Too Young and Too Young and Too Young and Too Young and Too Young and Too Young and Too Young and Too Young and Too Young and Too Young and Too Young and Too Young and Too Young and Too Young and Too Young and Too Young and Too Young and Too Young and Too Young and Too Young and Too Young and Too Young and Too Young and Too Young and Too Young and Too Young and Too Young and Too Young and Too Young and Too Young and Too Young and Too Young and Too Young and Too Young and Too Young and Too Young and Too Young and Too Young and Too Young and Too Young and Too Young and Too Young and Too Young and Too Young and Too Young and Too Young and Too Young and Too Young and Too Young and Too Young and Too Young and,['Donny Osmond'],0
36," James Bond, originally banned in the US in the early 1930s.",['Frank Harris'],0
37, The first US-born winner of golf's British Open: The first US-born winner of golf's British Open: The first US-born winner of golf's British Open: The first US-born winner of golf's British Open: The first US-born winner of golf's British Open: The first US-born winner of golf's British Open: The first US-born winner of golf's British Open: The first US-born winner of golf's British Open: The first US-born winner of golf's British Open: The first US-born winner of golf's British Open: The first US-born winner of golf's British Open: The first US-born winner of golf's British Open: The first US-born winner of golf's British Open: The first US-born winner of golf's British Open: The first US-born winner of golf's British Open: The first US-born winner of golf's British Open: The first US-born winner of golf's British Open: The first US-born winner of golf's British Open: The first US-born winner of golf's British Open: The first US-born winner of golf's British Open: The first US-born winner of golf's British Open: The first US-,['Walter Hagen'],0
38," The Shinning Path terrorists operated in the United States, Canada, Australia, New Zealand, South Africa, the United Kingdom, and the United Kingdom of Great Britain and Northern Ireland, and in the United States, Canada, Australia, New Zealand, South Africa, the United Kingdom, and the United Kingdom of Great Britain and Northern Ireland, and in the United States, Canada, Australia, New Zealand, South Africa, the United Kingdom, and the United Kingdom of Great Britain and Northern Ireland, and in the United States, Canada, Australia, New Zealand, South Africa, the United Kingdom, and the United Kingdom of Great Britain and Northern Ireland, and in the United States, Canada, Australia, New Zealand, South Africa, the United Kingdom, and the United Kingdom of Great Britain and Northern Ireland, and in the United States, Canada, Australia, New Zealand, South Africa, the United Kingdom, and the United Kingdom of Great Britain and Northern Ireland, and in the United States, Canada, Australia, New Zealand, South Africa, the United Kingdom, and the United Kingdom of Great Britain and Northern Ireland, and in the United States, Canada, Australia, New Zealand, South Africa, the United Kingdom, and the United Kingdom of Great Britain and Northern Ireland, and in the",['Peru'],0
39," Kansas City, Kansas City, Kansas City, Kansas City, Kansas City, Kansas City, Kansas City, Kansas City, Kansas City, Kansas City, Kansas City, Kansas City, Kansas City, Kansas City, Kansas City, Kansas City, Kansas City, Kansas City, Kansas City, Kansas City, Kansas City, Kansas City, Kansas City, Kansas City, Kansas City, Kansas City, Kansas City, Kansas City, Kansas City, Kansas City, Kansas City, Kansas City, Kansas City, Kansas City, Kansas City, Kansas City, Kansas City, Kansas City, Kansas City, Kansas City, Kansas City, Kansas City, Kansas City, Kansas City, Kansas City, Kansas City, Kansas City, Kansas City, Kansas City, Kansas City, Kansas City, Kansas City, Kansas City, Kansas City, Kansas City, Kansas City, Kansas City, Kansas City, Kansas City, Kansas City, Kansas City, Kansas City, Kansas City, Kansas City, Kansas City, Kansas City, Kansas City, Kansas City, Kansas City, Kansas City, Kansas City, Kansas City, Kansas City, Kansas City, Kansas City, Kansas City, Kansas City, Kansas City, Kansas City, Kansas City, Kansas City, Kansas City, Kansas City, Kansas City, Kansas City, Kansas",['Kansas city'],0
